kendalls_w,chi2,chi2_p,consensus_vs_nmi_rho,consensus_vs_nmi_p
0.2256190476190476,11.28095238095238,0.04608546015303738,-0.14285714285714288,0.7871720116618076
