evaluator,rho,p_value,significant
E1,-0.2571428571428572,0.6227871720116619,False
E2,0.6377481392176932,0.17307111024125982,False
E3,0.3768511731740915,0.4614828403508045,False
E4,-1.0,0.0,True
E5,0.7589709258986453,0.08014122805832388,False
E6,0.08571428571428573,0.8717434402332361,False
E7,-0.3142857142857143,0.5440932944606415,False
E8,-0.3142857142857143,0.5440932944606415,False
E9,-0.3714285714285715,0.4684781341107872,False
E10,0.028571428571428574,0.9571545189504373,False
